id,first_name,last_name,email,gender,ip_address
1,Cal,Spirritt,cspirritt0@cocolog-nifty.com,Female,87.91.108.54
2,Timoteo,Syncke,tsyncke1@wikipedia.org,Male,109.81.167.52
3,Ricki,Gowdridge,rgowdridge2@abc.net.au,Male,33.31.233.233
4,Doralynn,Gunson,dgunson3@ox.ac.uk,Female,181.14.145.104
5,Elaine,Baxill,ebaxill4@storify.com,Female,209.232.186.146
6,Luci,Minton,lminton5@a8.net,Female,126.196.255.13
7,Raymund,Mosley,rmosley6@google.nl,Male,176.246.161.13
8,Filide,Dalgarnocht,fdalgarnocht7@deviantart.com,Female,33.27.112.21
9,Maire,Griffey,mgriffey8@webeden.co.uk,Female,155.109.36.226
10,Henriette,Rumford,hrumford9@ox.ac.uk,Female,59.133.234.100
11,Winonah,Crisp,wcrispa@cbslocal.com,Female,125.47.18.209
12,Blakelee,Scarlett,bscarlettb@opensource.org,Female,0.205.14.185
13,Thurstan,Antonnikov,tantonnikovc@wikia.com,Male,93.209.207.197
14,Baron,Pointer,bpointerd@4shared.com,Male,89.229.125.11
15,Beret,Andresen,bandresene@miibeian.gov.cn,Female,28.20.142.121
16,Mitzi,Hanson,mhansonf@cocolog-nifty.com,Female,83.194.152.211
17,Lorne,Showering,lshoweringg@hud.gov,Male,51.201.223.4
18,Heinrik,MacCallam,hmaccallamh@studiopress.com,Male,45.131.113.235
19,Lincoln,Grinyer,lgrinyeri@springer.com,Male,193.240.153.56
20,Dallas,Fetherston,dfetherstonj@vinaora.com,Female,60.16.42.212
21,Kerry,Asbury,kasburyk@tripadvisor.com,Female,184.189.137.90
22,Robbie,Clapton,rclaptonl@parallels.com,Male,199.165.72.129
23,Ottilie,Spender,ospenderm@craigslist.org,Female,27.2.69.99
24,Gladi,Lamerton,glamertonn@washington.edu,Female,246.83.4.203
25,Louise,Caush,lcausho@microsoft.com,Female,155.54.96.6
26,Joeann,Joss,jjossp@jalbum.net,Female,80.97.133.96
27,Etti,Kunrad,ekunradq@myspace.com,Female,102.189.96.74
28,Wake,Drakard,wdrakardr@geocities.jp,Male,188.217.102.161
29,Ive,Belloch,ibellochs@netscape.com,Male,29.196.30.238
30,Iorgos,Cuschieri,icuschierit@de.vu,Male,19.151.9.170
31,Jeffrey,Airy,jairyu@dmoz.org,Male,51.203.103.48
32,Sheffy,Sidry,ssidryv@sciencedaily.com,Non-binary,116.162.102.148
33,Jarret,Marquess,jmarquessw@icq.com,Male,23.249.132.33
34,Alexis,Sinkin,asinkinx@dmoz.org,Male,5.224.231.223
35,Yorke,Buckenham,ybuckenhamy@twitpic.com,Polygender,82.62.0.182
36,Ange,Omand,aomandz@google.nl,Male,166.188.222.33
37,Meggie,McGinnis,mmcginnis10@addtoany.com,Female,176.59.52.252
38,Rebeca,Suscens,rsuscens11@google.co.jp,Female,16.27.42.176
39,Aldric,Fasset,afasset12@theguardian.com,Male,119.236.100.54
40,Shari,Learmonth,slearmonth13@statcounter.com,Female,66.196.243.215
41,Meryl,Darnell,mdarnell14@illinois.edu,Female,175.26.133.2
42,Avery,Besant,abesant15@usnews.com,Non-binary,2.8.165.253
43,Rudie,Hamflett,rhamflett16@youtube.com,Male,234.205.141.194
44,Valdemar,Jedrysik,vjedrysik17@yelp.com,Male,250.76.245.0
45,Rodolphe,Dragoe,rdragoe18@mozilla.org,Male,91.133.168.146
46,Bordie,Scud,bscud19@123-reg.co.uk,Male,195.60.128.121
47,Atlante,Hesse,ahesse1a@bandcamp.com,Female,190.128.147.12
48,Livy,Gorriessen,lgorriessen1b@indiatimes.com,Female,184.247.39.113
49,Anet,Ridgwell,aridgwell1c@slate.com,Female,200.122.99.79
50,Wit,Garford,wgarford1d@simplemachines.org,Male,224.109.200.7
